adult,backdrop_path,genre_ids,id,original_language,original_title,overview,popularity,poster_path,release_date,title,video,vote_average,vote_count
False,/9Z2uDYXqJrlmePznQQJhL6d92Rq.jpg,"[10751, 35, 12, 14, 16]",1226863,en,The Super Mario Galaxy Movie,"Having thwarted Bowser's previous plot to marry Princess Peach, Mario and Luigi now face a fresh threat in Bowser Jr., who is determined to liberate his father from captivity and restore the family legacy. Alongside companions new and old, the brothers travel across the stars to stop the young heir's crusade.",780.1539,/eJGWx219ZcEMVQJhAgMiqo8tYY.jpg,2026-04-01,The Super Mario Galaxy Movie,False,6.816,503
False,/1x9e0qWonw634NhIsRdvnneeqvN.jpg,"[10749, 18]",1523145,ru,Твоё сердце будет разбито,"High school student Polina is saved from bullying at her new school and makes a deal with the main bully Bars: he must pretend to be her boyfriend and protect her, and she must do everything he says. During this game, the couple develops real feelings, but her family and classmates have reasons to separate the lovers.",384.6462,/7wIBfBl2gejt6xHxNSK0reVIm7E.jpg,2026-03-26,Your Heart Will Be Broken,False,7.1,63
False,/u8DU5fkLoM5tTRukzPC31oGPxaQ.jpg,"[878, 12, 14]",83533,en,Avatar: Fire and Ash,"In the wake of the devastating war against the RDA and the loss of their eldest son, Jake Sully and Neytiri face a new threat on Pandora: the Ash People, a violent and power-hungry Na'vi tribe led by the ruthless Varang. Jake's family must fight for their survival and the future of Pandora in a conflict that pushes them to their emotional and physical limits.",315.4011,/cf7hE1ifY4UNbS25tGnaTyyDrI2.jpg,2025-12-17,Avatar: Fire and Ash,False,7.369,2630
False,/8Tfys3mDZVp4tNoH2ktm06a0Tau.jpg,"[878, 12]",687163,en,Project Hail Mary,"Science teacher Ryland Grace wakes up on a spaceship light years from home with no recollection of who he is or how he got there. As his memory returns, he begins to uncover his mission: solve the riddle of the mysterious substance causing the sun to die out. He must call on his scientific knowledge and unorthodox ideas to save everything on Earth from extinction… but an unexpected friendship means he may not have to do it alone.",269.6938,/yihdXomYb5kTeSivtFndMy5iDmf.jpg,2026-03-15,Project Hail Mary,False,8.219,1522
False,/sS3zGYFPcfM5pArVNWl6qLyaSmU.jpg,"[16, 28, 12, 14]",980431,en,"Avatar: Aang, The Last Airbender","Avatar Aang, the world's last Airbender, learns of an ancient power that could save his culture from extinction. With the help of his friends, he embarks on a global quest to find it before it falls into the wrong hands and threatens to upend the peace they sacrificed everything to achieve.",269.687,/gPiyTLo5GGwtJl0L8TlaJF9r0KE.jpg,2026-10-09,"Avatar: Aang, The Last Airbender",False,0.0,0
False,/3ooXDVaz4xHKtwe4lkmF1gNopOC.jpg,"[27, 53]",1290417,en,Thrash,"When a Category 5 hurricane decimates a coastal town, the storm surge brings devastation, chaos, and something far more frightening onto shore: hungry sharks.",212.0369,/adk8weka3O5648g3de4z3y4aE7G.jpg,2026-04-10,Thrash,False,6.014,329
False,/u53UYu5XG2hNgWGvs3xGhAVzypl.jpg,"[16, 10751, 878, 35, 12]",1327819,en,Hoppers,"Scientists have discovered how to 'hop' human consciousness into lifelike robotic animals, allowing people to communicate with animals as animals. Animal lover Mabel seizes an opportunity to use the technology, uncovering mysteries within the animal world beyond anything she could have imagined.",219.481,/xjtWQ2CL1mpmMNwuU5HeS4Iuwuu.jpg,2026-03-04,Hoppers,False,7.578,477
False,/gM1kQRPwOVW1Eos5tVWqcYmHR5S.jpg,"[27, 9648]",1470130,en,The Mortuary Assistant,"Rebecca Owens, a recent mortuary science graduate takes a night shift job at River Fields Mortuary. Initially, the job seems straightforward — embalming bodies, completing paperwork, and keeping things tidy. But once Rebecca starts working the night shift, things take a dark turn.",232.8917,/72AoFPC5TY4DfJwXXS9rPwPeReD.jpg,2026-02-13,The Mortuary Assistant,False,5.427,75
False,/jRsjWwZzI39bTm44FNhRtiICd9k.jpg,"[35, 28, 12]",1084577,en,Balls Up,"Two marketing executives go ""balls out"" and pitch a bold full‑coverage condom sponsorship with the World Cup. After their drunken celebration in Brazil sparks a global scandal, they must outrun furious fans, criminals, and power-hungry officials to salvage their careers and make it home alive.",203.8693,/xwvJ3WzdJ1OCuDoY8LAxBUlQyig.jpg,2026-04-15,Balls Up,False,5.5,64
False,/9n2tJBplPbgR2ca05hS5CKXwP2c.jpg,"[10751, 35, 12, 14, 16]",502356,en,The Super Mario Bros. Movie,"While working underground to fix a water main, Brooklyn plumbers—and brothers—Mario and Luigi are transported down a mysterious pipe and wander into a magical new world. But when the brothers are separated, Mario embarks on an epic quest to find Luigi.",186.5783,/qNBAXBIQlnOThrVvA6mA2B5ggV6.jpg,2023-04-05,The Super Mario Bros. Movie,False,7.587,10491
False,/nHxWyy18SvAZ8jJeemtS8k1UNjM.jpg,"[28, 80, 53]",1290821,en,Shelter,"A man living in self-imposed exile on a remote island rescues a young girl from a violent storm, setting off a chain of events that forces him out of seclusion to protect her from enemies tied to his past.",202.7974,/buPFnHZ3xQy6vZEHxbHgL1Pc6CR.jpg,2026-01-28,Shelter,False,6.791,560
False,/wns4x1GyxCudgOZRyhXKjXVJf3T.jpg,"[12, 53, 878]",840464,en,Greenland 2: Migration,"Having found the safety of the Greenland bunker after the comet Clarke decimated the Earth, the Garrity family must now risk everything to embark on a perilous journey across the wasteland of Europe to find a new home.",201.7213,/z2tqCJLsw6uEJ8nJV8BsQXGa3dr.jpg,2026-01-07,Greenland 2: Migration,False,6.486,874
False,/7lizs4SuEU2ihkkAa0SZ66NtHbl.jpg,"[28, 53]",1641319,en,Sniper: No Nation,Brandon Beckett and Agent Zero lead a rescue mission in Venezuela when their friends are taken hostage.,178.3401,/3T9nAX0jAp0iT18ex25BlZEpRDb.jpg,2026-04-07,Sniper: No Nation,False,6.15,30
False,/vG42HeYtoTFflqwP42wYD7tBuNr.jpg,"[80, 53]",1171145,en,Crime 101,"When an elusive thief whose high-stakes heists unfold along the iconic 101 freeway in Los Angeles eyes the score of a lifetime, with hopes of this being his final job, his path collides with a disillusioned insurance broker who is facing her own crossroads. Determined to crack the case, a relentless detective closes in on the operation, raising the stakes even higher.",167.3887,/tVvpFIoteRHNnoZMhdnwIVwJpCA.jpg,2026-02-11,Crime 101,False,6.994,713
False,/zc08qkHtWfZ2cQGQBK1S5yafJmR.jpg,"[27, 9648]",1304313,en,Lee Cronin's The Mummy,"The young daughter of a journalist disappears into the desert without a trace—eight years later, the broken family is shocked when she is returned to them, as what should be a joyful reunion turns into a living nightmare.",161.4338,/8L8efNkz8rUmwR7sV0g3vnC9yjn.jpg,2026-04-15,Lee Cronin's The Mummy,False,6.9,80
False,/bYkgJUGlkDrKzCrN6Jrd1qVx9aB.jpg,"[35, 10749]",20222,es,Sexo con amor,"In Santiago, Chile, the schoolteacher Luisa proposes a debate about sex with the parents of her students with the intention of giving classes about sex education to the youngsters.",206.2357,/9Unz4SnlkXg0OAxgiLKZAfu096c.jpg,2003-03-27,Sex with Love,False,6.5,240
False,/tq3h43fZy0H80vzf47MAY7R9Mxo.jpg,"[16, 35, 10751]",1297842,en,GOAT,"A small goat with big dreams gets a once-in-a-lifetime shot to join the pros and play roarball, a high-intensity, co-ed, full-contact sport dominated by the fastest, fiercest animals in the world.",149.4767,/wfuqMlaExcoYiUEvKfVpUTt1v4u.jpg,2026-02-11,GOAT,False,7.909,408
False,/t9J2HXaDuJR7bvIG9XF7mttn4VY.jpg,"[27, 9648, 80]",1159559,en,Scream 7,"When a new Ghostface killer emerges in the quiet town where Sidney Prescott has built a new life, her darkest fears are realized as her daughter becomes the next target. Determined to protect her family, Sidney must face the horrors of her past to put an end to the bloodshed once and for all.",127.1298,/jjyuk0edLiW8vOSnlfwWCCLpbh5.jpg,2026-02-25,Scream 7,False,6.032,760
False,/1RgPyOhN4DRs225BGTlHJqCudII.jpg,"[16, 28, 14]",1311031,ja,劇場版「鬼滅の刃」無限城編 第一章 猗窩座再来,"The Demon Slayer Corps are drawn into the Infinity Castle, where Tanjiro, Nezuko, and the Hashira face terrifying Upper Rank demons in a desperate fight as the final battle against Muzan Kibutsuji begins.",124.5514,/fWVSwgjpT2D78VUh6X8UBd2rorW.jpg,2025-07-18,Demon Slayer: Kimetsu no Yaiba Infinity Castle,False,7.683,797
False,/gCmfeKmEAZBP5gcXpiqb0gii9rS.jpg,"[27, 53, 35]",1198994,en,Send Help,"Two colleagues become stranded on a deserted island, the only survivors of a plane crash. On the island, they must overcome past grievances and work together to survive, but ultimately, it's a battle of wills and wits to make it out alive.",191.8247,/mjkS2iAgWj3ik1DTjvI15nHZ7yl.jpg,2026-01-22,Send Help,False,7.031,1019
False,/avwIERZtWiWa34qShf5biDzAVaF.jpg,"[35, 18]",1049471,en,Outcome,"Reef Hawk, Hollywood's poster child since age six, is not okay. When he learns about an extortion plot tied to a mysterious video, Reef preemptively sets out on a redemption tour to make amends, confront his demons, and avoid getting canceled.",96.5143,/kSzcpfbTy2pXHGvrVU2WhQTo6oU.jpg,2026-04-06,Outcome,False,5.329,105
False,/6yeVcxFR0j08vlv2OlL6zbewm4D.jpg,"[28, 878, 53]",1265609,en,War Machine,"On one last grueling mission during Army Ranger training, a combat engineer must lead his unit in a fight against a giant otherworldly killing machine.",102.4893,/tlPgDzwIE7VYYIIAGCTUOnN4wI1.jpg,2026-02-12,War Machine,False,7.247,1460
False,/pmGkvEWKFDapogIzkG7TqB0aeYE.jpg,"[27, 53]",1526650,zh,泥娃娃,"Hsu-Chuan, who works at a game company, accidentally brings home a broken clay doll from a haunted house while developing a new horror VR game. Unexpectedly, his pregnant wife, Mu-Hua, a cultural relic restorer, develops an obsession with the doll and relentlessly tries to repair it. As strange things begin to happen in the house, Mu-Hua's condition deteriorates, and Hsu-Chuan, at his wits' end, seeks help from a spiritual medium, Ah-Sheng. Meanwhile, the horrifying secret hidden behind the clay doll begins to surface.",98.1642,/ifYNeKwpyKUTtjkUExrqTc65L2p.jpg,2025-10-09,Mudborn,False,6.705,22
False,/v0NEB75SZjxY8GS3ho8WeEvjIT3.jpg,"[9648, 18, 27]",680493,en,Return to Silent Hill,"When James receives a mysterious letter from his lost love Mary, he is drawn to Silent Hill—a once-familiar town now consumed by darkness. As he searches for her, James faces monstrous creatures and unravels a terrifying truth that will push him to the edge of his sanity.",86.3818,/fqAGFN2K2kDL0EHxvJaXzaMUkkt.jpg,2026-01-21,Return to Silent Hill,False,5.096,369
False,/7uXzE0ZBkbAeKylOz7cUQF4Yw75.jpg,[18],879945,nl,L'homme inconnu,"Louis, a Flemish writer, decides to isolate himself at the Côte d’Azur, hoping this place will bring him inspiration.",91.814,/4TpBhdaSl5ALHbgeaYOLF8Q3haz.jpg,2021-10-16,The Unknown Man,False,7.3,3
False,/fPfDB0IHOqvmKIzFP9CA51OOS1N.jpg,"[27, 53]",1010755,en,The Strangers: Chapter 3,"Tethered by a frightening conclusion, Maya and the Strangers are locked on an unavoidable, unforgiving collision course — a showdown that proves they’re far from strangers now.",119.972,/yPHwX78mcwJw3I6YOJ9qh2wQBFr.jpg,2026-02-05,The Strangers: Chapter 3,False,5.6,112
False,/qXxFWyur7jFkg2aQgENcXuyYeHF.jpg,"[27, 9648]",1480387,en,undertone,The host of a popular paranormal podcast becomes haunted by terrifying recordings mysteriously sent her way.,119.4522,/2PFgFMnrdCPXWiZl1PUvky7Mo9D.jpg,2026-03-12,undertone,False,6.638,69
False,/lgotja3xMoJZbynwHfcQcJAEMWH.jpg,"[16, 10751, 9648, 12, 35]",1084242,en,Zootopia 2,"After cracking the biggest case in Zootopia's history, rookie cops Judy Hopps and Nick Wilde find themselves on the twisting trail of a great mystery when Gary De'Snake arrives and turns the animal metropolis upside down. To crack the case, Judy and Nick must go undercover to unexpected new parts of town, where their growing partnership is tested like never before.",100.1935,/oJ7g2CifqpStmoYQyaLQgEU32qO.jpg,2025-11-26,Zootopia 2,False,7.601,2567
False,/yJi6g0CnsqANLNuVaRX28tZxeHX.jpg,"[27, 9648]",1193501,en,Whistle,"A misfit group of unwitting high school students stumble upon a cursed object, an ancient Aztec Death Whistle. They discover that blowing the whistle and the terrifying sound it emits will summon their future deaths to hunt them down.",77.7661,/eGxPyseSnEZBMJaopGfRUO9HSYx.jpg,2026-01-20,Whistle,False,6.027,242
False,/z3bzhmC0CPikWeerUkLO73YvGrC.jpg,"[10402, 53, 28, 27]",1084187,en,Pretty Lethal,A troupe of ballerinas find themselves fighting for survival as they attempt to escape from a remote inn after their bus breaks down on the way to a dance competition.,75.1774,/znTPnXCK3lEQJgqXCvP7e5FUz6f.jpg,2026-03-13,Pretty Lethal,False,6.847,281
False,/l8rKKMU2M9dDULO9CEtDNdWAEUJ.jpg,"[878, 27, 14]",1159831,en,The Bride!,A lonely Frankenstein travels to 1930s Chicago to ask groundbreaking scientist Dr. Euphronious to create a companion for him. The two revive a murdered young woman and The Bride is born. But what ensues is beyond what either of them imagined.,89.911,/lV8YHwGkYZsm6EfIqnhaSz2avKt.jpg,2026-03-04,The Bride!,False,6.231,329
False,/1ytf7rzkZ7RLlMnBdGggQ0ENe6z.jpg,"[27, 53]",1418657,en,The Yeti,"When an oil tycoon and a famous adventurer vanish into the harsh winter of remote northern Alaska, a hand-picked rescue team endeavors to bring them home. What they don’t know is that they are trespassing on The Yeti’s territory, and the elements are the least of their worries.",106.3625,/zaqEfoKcWkVni2eONhJ7DRhMO8Q.jpg,2026-04-04,The Yeti,False,6.983,30
False,/zTnAnYIn0Iv3cn0ZHlzLhou3ybm.jpg,"[9648, 53]",1368166,en,The Housemaid,"Trying to escape her past, Millie Calloway accepts a job as a live-in housemaid for the wealthy Nina and Andrew Winchester. But what begins as a dream job quickly unravels into something far more dangerous—a sexy, seductive game of secrets, scandal, and power.",90.6911,/cWsBscZzwu5brg9YjNkGewRUvJX.jpg,2025-12-18,The Housemaid,False,7.209,1864
False,/CpLAfXgSNeNRRbRzPrTuzKmIHO.jpg,"[18, 35]",350,en,The Devil Wears Prada,"A young woman from the Midwest gets more than she bargained for when she moves to New York to become a writer and ends up as the assistant to the tyrannical, larger-than-life editor-in-chief of a major fashion magazine.",74.4839,/8912AsVuS7Sj915apArUFbv6F9L.jpg,2006-06-29,The Devil Wears Prada,False,7.39,12942
False,/4BtL2vvEufDXDP4u6xQjjQ1Y2aT.jpg,"[28, 80, 18, 53]",1419406,zh,捕风追影,Macau Police brings the tracking expert police officer out of retirement to help catch a dangerous group of professional thieves.,69.3835,/e0RU6KpdnrqFxDKlI3NOqN8nHL6.jpg,2025-08-16,The Shadow's Edge,False,7.224,577
False,/iZLqwEwUViJdSkGVjePGhxYzbDb.jpg,"[878, 53]",755898,en,War of the Worlds,"Will Radford is a top analyst for Homeland Security who tracks potential threats through a mass surveillance program, until one day an attack by an unknown entity leads him to question whether the government is hiding something from him... and from the rest of the world.",82.7892,/yvirUYrva23IudARHn3mMGVxWqM.jpg,2025-07-29,War of the Worlds,False,4.142,956
False,/xyW8rJO3rwG2EGcTO6eaUEa8b9d.jpg,"[28, 53]",1613798,es,Venganza,"The brutal murder of the wife of “Toro,” a military hero in the special forces, turns him into a man with a single purpose: revenge. After a stroke of fate makes him a millionaire, Carlos transforms his fortune into an arsenal and, together with his closest soldiers, sets out to hunt down those responsible.",76.1661,/ygWXPL0RS91JyJPNOfK34eV3bRE.jpg,2026-02-26,Vengeance,False,6.118,17
False,/5KFThZkdBEQkp9gPWWWNb5CI5yD.jpg,"[53, 28, 18]",1268127,ko,휴민트,A South Korean agent hunts a drug ring in Russia and goes head-to-head with a North Korean operative — pulling both into peril and tangled secrets.,75.3254,/82bX2GK4PhaJQtfkTnfmd2P7erG.jpg,2026-02-11,Humint,False,7.3,94
False,/jSxeFrFCajefwka3TTRY4k8XVEX.jpg,"[27, 35]",1266127,en,Ready or Not: Here I Come,"Moments after surviving an all-out attack from the Le Domas family, Grace discovers she’s reached the next level of the nightmarish game — and this time with her estranged sister Faith at her side. Grace has one chance to survive, keep her sister alive, and claim the High Seat of the Council that controls the world. Four rival families are hunting her for the throne, and whoever wins rules it all.",76.0164,/jRf89HVEtBZiSnOXXWDhZOfuTwW.jpg,2026-03-19,Ready or Not: Here I Come,False,6.989,226
False,/uNToXatdunyvWXyXMrTI1nLvh6r.jpg,"[35, 878, 80]",1115544,en,Mike & Nick & Nick & Alice,"Two gangsters and the woman they love try to survive the most dangerous night of their lives. As if that wasn’t enough, there’s one wild ingredient added to the mix: a time machine.",73.8417,/7F0jc75HrSkLVcvOXR2FXAIwuEv.jpg,2026-03-14,Mike & Nick & Nick & Alice,False,6.765,243
False,/tZiRd4IpoNiaoLXr2o2YfhTMjE2.jpg,"[12, 28]",662707,en,Starbright,"A young woman becomes the guardian of a fallen star, which she must protect from dangerous forces with the help of a brave stranger.",72.2913,/m1Zl07DNYeSyNcz9hf8hDsS2oB5.jpg,2026-02-27,Starbright,False,7.038,13
False,/swxhEJsAWms6X1fDZ4HdbvYBSf9.jpg,"[12, 35, 27]",1234731,en,Anaconda,"A group of friends facing mid-life crises head to the rainforest with the intention of remaking their favorite movie from their youth, only to find themselves in a fight for their lives against natural disasters, giant snakes and violent criminals.",75.7356,/hBxN6dwrANN1ic3a4G9x6JZcR3C.jpg,2025-12-24,Anaconda,False,5.871,1014
False,/zD5v1E4joAzFvmAEytt7fM3ivyT.jpg,"[28, 12, 878]",634649,en,Spider-Man: No Way Home,"Peter Parker is unmasked and no longer able to separate his normal life from the high-stakes of being a super-hero. When he asks for help from Doctor Strange the stakes become even more dangerous, forcing him to discover what it truly means to be Spider-Man.",75.6926,/1g0dhYtq4irTY1GPXvft6k4YLjm.jpg,2021-12-15,Spider-Man: No Way Home,False,7.934,21797
False,/bYTNoHN5YQ9ea6LsfAsyTBuUPkS.jpg,[35],1511057,en,Roommates,"When shy college freshman Devon asks cool-girl Celeste to be her roommate, a blossoming friendship quickly spirals into a war of passive aggression.",66.8245,/eW1s6omXIfVkTlmKVe9y9Dwwt4u.jpg,2026-04-13,Roommates,False,6.2,24
False,/vSQSYd2zZTqc0zmHImwWEGGluMI.jpg,"[10749, 18]",1316092,en,"""Wuthering Heights""","Tragedy strikes when Heathcliff falls in love with Catherine Earnshaw, a woman from a wealthy family in 18th-century England.",55.0677,/3YBce6dTh1D5oCMITXk2S5QhPt.jpg,2026-02-11,"""Wuthering Heights""",False,6.535,781
False,/cK070s3Qdn1Ib7Gq8RgIyJKgvu3.jpg,"[18, 35]",77338,fr,Intouchables,A true story of two men who should never have met – a quadriplegic aristocrat who was injured in a paragliding accident and a young man from the projects.,62.2825,/1QU7HKgsQbGpzsJbJK4pAVQV9F5.jpg,2011-11-02,The Intouchables,False,8.269,18299
False,/61RYedFgX1K07xgVIvdJzukSR4g.jpg,"[35, 18, 10751, 10749]",848116,hi,रॉकी और रानी की प्रेम कहानी,"Gym-freak brat Rocky falls in love with Rani, who comes from a well-educated Bengali family. Being from polar opposite worlds, the two decide to switch their families to adjust to each other's cultures and backgrounds and to know if their marriage will survive. Rocky and Rani are trapped in a world where they are united by love but divided by families and the ultimate question is will they fit in?",58.0313,/vTQIqlxUkOuyf2UKhlM2OUaFGKz.jpg,2023-07-28,Rocky Aur Rani Kii Prem Kahaani,False,6.068,81
False,/ciQTFPRtGGCZ3QA97ZCPN12saD6.jpg,[10749],418579,ko,어린 형수,"Three men and women start living together. Byeong-soo is chosen in a scenario contest and is picked to write a script for a movie, so he leaves the noisy city and moves in with his married senior from school. At the house is Ji-eun, the senior's wife and a young and sexy Bo-yeong.  The three living together leads to some risky situations!",60.7338,/jAGlDPyNfLvGMXI3Gt9E4SrRtHg.jpg,2016-09-27,Young Sister-In-Law,False,6.0,2
False,/r9aYDDP7tHpwCvQbOxcfhZFBT63.jpg,[27],1610418,en,The House on Haunted Grounds,"They walked into a haunted house with a history of possession and murder. The victims never came out, but the footage did.",60.3523,/750RNSHr25GQcCr2Ws8iSGrHJA9.jpg,2026-01-09,The House on Haunted Grounds,False,5.583,6
False,/2ssWTSVklAEc98frZUQhgtGHx7s.jpg,"[12, 18, 878]",157336,en,Interstellar,The adventures of a group of explorers who make use of a newly discovered wormhole to surpass the limitations on human space travel and conquer the vast distances involved in an interstellar voyage.,60.9195,/yQvGrMoipbRoddT0ZR8tPoR7NfX.jpg,2014-11-05,Interstellar,False,8.47,39407
False,/2OHa6ukEq3Hce7Pc2kvu8wkmMFY.jpg,"[28, 12, 53, 80, 18]",7451,en,xXx,"Xander Cage is your standard adrenaline junkie with no fear and a lousy attitude. When the US Government ""recruits"" him to go on a mission, he's not exactly thrilled. His mission: to gather information on an organization that may just be planning the destruction of the world, led by the nihilistic Yorgi.",60.1508,/xeEw3eLeSFmJgXZzmF2Efww0q3s.jpg,2002-08-09,xXx,False,6.0,4856
False,/5rxEnsgriw8z065q51lrvPKYmCL.jpg,"[10749, 18]",1367642,en,Reminders of Him,"When Diem's custodial grandparents adamantly refuse Kenna's attempts to see her daughter, Kenna discovers unexpected compassion, and then something truer and deeper, with former NFL player and local bar owner Ledger. As their secret romance develops, so do the dangers for both of them, leading Kenna toward heartbreak and, ultimately, the hope for a second chance.",64.1082,/7L6rceYgzQ0NeHD7PRDNrRoQ291.jpg,2026-03-11,Reminders of Him,False,7.177,127
False,/cfDHxkco8RrslL0Vk2XPTwTVFCe.jpg,"[28, 53]",1472951,en,Infiltrate,"In a city overrun by crime, government Agent Lily Chen is forced to choose between her duty and her family when her husband is kidnapped, and she’s blackmailed into assassinating high-level criminals to save him. As she delves deeper into the criminal underworld, Lily’s relentless pursuit of justice unravels a web of corruption, leading to a final, life-altering decision that will change her world forever.",53.1021,/8Cw8GF9wG63kF8pRRXwOx2kXGt.jpg,2026-04-10,Infiltrate,False,5.3,8
False,/4840rkbpsiuow5ew155oVKcqJwj.jpg,[18],615,en,The Passion of the Christ,A graphic portrayal of the last twelve hours of Jesus of Nazareth's life.,47.5651,/rBM5o2HpmCfDejuIPybI09tkY3V.jpg,2004-02-25,The Passion of the Christ,False,7.538,5156
False,/zYm62AouAahA71AoOWHE5Qb0FYH.jpg,[18],1646787,tl,Sundutan,"A hole on the wall accidentally connects two women emotionally and physically. Forbidden love, greed, betrayal... what lies beyond the hole? And for how long can they keep covering it up?",52.1331,/2neZgVuY7prWIak5hhNKT53Hk0N.jpg,2026-03-06,Sundutan,False,4.0,1
False,/9BBTo63ANSmhC4e6r62OJFuK2GL.jpg,"[878, 28, 12]",24428,en,The Avengers,"When an unexpected enemy emerges and threatens global safety and security, Nick Fury, director of the international peacekeeping agency known as S.H.I.E.L.D., finds himself in need of a team to pull the world back from the brink of disaster. Spanning the globe, a daring recruitment effort begins!",58.0828,/RYMX2wcKCBAr24UyPD7xwmjaTn.jpg,2012-04-25,The Avengers,False,8.002,37271
False,/aouxo2EaR7QSGBBUNTITuW0lj4z.jpg,"[80, 18]",875828,en,Peaky Blinders: The Immortal Man,"After his estranged son gets embroiled in a Nazi plot, self-exiled gangster Tommy Shelby must return to Birmingham to save his family — and his nation.",50.6206,/gRMalasZEzsZi4w2VFuYusfSfqf.jpg,2026-03-05,Peaky Blinders: The Immortal Man,False,7.226,795
False,/hHDNOlATHhre4eZ7aYz5cdyJLik.jpg,"[27, 53, 878]",1272837,en,28 Years Later: The Bone Temple,Dr. Kelson finds himself in a shocking new relationship - with consequences that could change the world as they know it - and Spike's encounter with Jimmy Crystal becomes a nightmare he can't escape.,53.8672,/kK1BGkG3KAvWB0WMV1DfOx9yTMZ.jpg,2026-01-14,28 Years Later: The Bone Temple,False,7.2,1029
False,/yPbW94JRopYqjz2CLyEiUhEwbB5.jpg,[10749],300496,el,Nefeli,"A beautiful woman is going to the island of Lesbos to rest, there she will meet two other beautiful young women and it will be great having sex with everyone.",43.8389,/4EgkcisexFjGfQmGI0IrVxZUBIv.jpg,1980-01-01,Nefeli,False,2.5,6
False,/cz4vLJrmaV1zJlRYbxqtvLzeLWB.jpg,"[28, 35, 80, 9648]",1168190,en,The Wrecking Crew,"Estranged half-brothers Jonny and James reunite after their father's mysterious death. As they search for the truth, buried secrets reveal a conspiracy threatening to tear their family apart.",53.6419,/gbVwHl4YPSq6BcC92TQpe7qUTh6.jpg,2026-01-28,The Wrecking Crew,False,6.894,894
False,/v3lNH2gCojWYXVuXcT9FZLBxcSq.jpg,"[28, 18, 878]",1235877,ta,ஜன நாயகன்,"A clash of ideologies. One stands for the people, the other feeds on control. Their paths collided once before. Years later, a child’s silent fear ignites the past, drawing a former police officer into a battle far bigger than personal revenge.",31.6901,/jt8pfSIdi47YpFMMWVRr8w5u2S0.jpg,,Jana Nayagan,False,0.0,0
False,/1oKLEA9JOhvaBwLpqjROisvWMy7.jpg,"[10749, 35, 18]",1325734,en,The Drama,A happily engaged couple is put to the test when an unexpected turn sends their wedding week off the rails.,48.929,/ikcNOWB6Qo1ER1H1BJL6Vf0W22s.jpg,2026-03-26,The Drama,False,7.007,443
False,/xBT0oNq6rsTFv4SxG5uGRIEOrq6.jpg,"[10402, 18]",936075,en,Michael,"Discover the story of Michael Jackson, one of the most influential artists the world has ever known, and his life beyond the music, tracing his journey from the discovery of his extraordinary talent as the lead of the Jackson Five, to the visionary artist whose creative ambition fueled a relentless pursuit to become the biggest entertainer in the world, highlighting both his life off-stage and some of the most iconic performances from his early solo career.",50.0502,/3Qud19bBUrrJAzy0Ilm8gRJlJXP.jpg,2026-04-22,Michael,False,7.5,5
False,/po1niVuud0tX86xOFegO5omQ2wX.jpg,"[878, 28, 53, 80]",1236153,en,Mercy,"In the near future, a detective stands on trial accused of murdering his wife. He has ninety minutes to prove his innocence to the advanced AI Judge he once championed, before it determines his fate.",49.966,/pyok1kZJCfyuFapYXzHcy7BLlQa.jpg,2026-01-20,Mercy,False,6.973,1118
False,/fyv3Cmsdq4pfiKU6M3azRATwBBU.jpg,"[28, 53]",1088434,en,Hellfire,A drifter with a mysterious past arrives in a small town and finds the residents in the grip of a ruthless crime boss and realizes he has to help them.,51.9355,/tQti9QTf13MfzNpXguijgNh7ojE.jpg,2026-02-05,Hellfire,False,6.767,73
False,/nyW8YdrnSYtmTE9hgrpmGqkKw5b.jpg,[18],1658216,tl,Stepdaddy,Emotions and intrigue run high in this titillating taboo family affair. Chloe and Nica are sisters who both find themselves in their own passionate love affairs with their stepdad Carl.,45.2267,/oZxNblisKuDzSUW5g18FERjyJs9.jpg,2026-04-04,Stepdaddy,False,5.0,2
False,/mDfJG3LC3Dqb67AZ52x3Z0jU0uB.jpg,"[12, 28, 878]",299536,en,Avengers: Infinity War,"As the Avengers and their allies have continued to protect the world from threats too large for any one hero to handle, a new danger has emerged from the cosmic shadows: Thanos. A despot of intergalactic infamy, his goal is to collect all six Infinity Stones, artifacts of unimaginable power, and use them to inflict his twisted will on all of reality. Everything the Avengers have fought for has led up to this moment - the fate of Earth and existence itself has never been more uncertain.",47.4482,/7WsyChQLEftFiDOVTGkv3hFpyyt.jpg,2018-04-25,Avengers: Infinity War,False,8.234,31749
False,/pfcyWSaPKGagqdunfBXQYCqZHxx.jpg,"[28, 80, 53]",1339876,hi,मर्दानी 3,"Officer Shivani Shivaji Roy returns to hunt down those behind the disappearance of young girls, risking everything to bring them back alive.",40.5392,/dHxLBtHw4InwsVumnthupZYz6NM.jpg,2026-01-30,Mardaani 3,False,7.26,25
False,/82lM4GJ9uuNvNDOEpxFy77uv4Ak.jpg,"[28, 878, 12]",1242898,en,Predator: Badlands,"Cast out from his clan, a young Predator finds an unlikely ally in a damaged android and embarks on a treacherous journey in search of the ultimate adversary.",47.3076,/erTRAi241eYF4K8KoGGOI8kFPox.jpg,2025-11-05,Predator: Badlands,False,7.695,2622
False,/gtKglOSEq3d4MgQE4VsrT1sRkd0.jpg,"[16, 28, 14]",1539104,ja,劇場版 呪術廻戦「渋谷事変 特別編集版」×「死滅回游 先行上映」,"A veil abruptly descends over the busy Shibuya area amid the bustling Halloween crowds, trapping countless civilians inside. Satoru Gojo, the strongest jujutsu sorcerer, steps into the chaos. But lying in wait are curse users and spirits scheming to seal him away. Yuji Itadori, accompanied by his classmates and other top-tier jujutsu sorcerers, enters the fray in an unprecedented clash of curses — the Shibuya Incident. In the aftermath, ten colonies across Japan are transformed into dens of curses in a plan orchestrated by Noritoshi Kamo. As the deadly Culling Game starts, Special Grade sorcerer Yuta Okkotsu is assigned to carry out Yuji's execution for his perceived crimes. A compilation movie of Shibuya Incident including the first two episodes of the Culling Games arc.",41.7382,/v0s3dx6am0RzfsuK3KdEy8ZoCDs.jpg,2025-11-07,JUJUTSU KAISEN: Execution,False,5.935,93
False,/yzIjyPtwvyjHelxqIRXGpiaucPG.jpg,[27],1572073,en,The Deadly Little Mermaid,"Some secrets are better left at the bottom of the ocean. Once she's in your house, there is no escape. When a struggling artist pulls a beautiful, unconscious woman from the freezing coastal waters, he thinks he’s performed a miracle. But as she recovers within the walls of his secluded home, a series of unsettling events leads him to a terrifying realization: her presence is no coincidence. She is inextricably linked to the same watery grave that claimed his family years ago.",42.2577,/uye25uG7k8r3NNPLyPiKOiRnFRF.jpg,2026-03-06,The Deadly Little Mermaid,False,4.717,23
False,/bIUaCtWaRgd78SnoHJDI8TNf7Sd.jpg,"[12, 28, 878]",181808,en,Star Wars: The Last Jedi,"Rey develops her newly discovered abilities with the guidance of Luke Skywalker, who is unsettled by the strength of her powers. Meanwhile, the Resistance prepares to do battle with the First Order.",34.6277,/kOVEVeg59E0wsnXmF9nrh6OmWII.jpg,2017-12-13,Star Wars: The Last Jedi,False,6.755,16230
False,/zfbjgQE1uSd9wiPTX4VzsLi0rGG.jpg,"[18, 80]",278,en,The Shawshank Redemption,"Imprisoned in the 1940s for the double murder of his wife and her lover, upstanding banker Andy Dufresne begins a new life at the Shawshank prison, where he puts his accounting skills to work for an amoral warden. During his long stretch in prison, Dufresne comes to be admired by the other inmates -- including an older prisoner named Red -- for his integrity and unquenchable sense of hope.",41.5042,/9cqNxx0GxF0bflZmeSMuL5tnGzr.jpg,1994-09-23,The Shawshank Redemption,False,8.718,30126
False,/owQeDouUZ6wI6f1aTOYEFd511zn.jpg,"[28, 80, 53]",1582770,hi,धुरंधर: द रिवेंज,"As rival gangs, corrupt officials and a ruthless Major Iqbal close in, Hamza's mission for his country spirals into a bloody personal war where the line between patriot and monster disappears in the streets of Lyari.",33.1074,/ov8vrRLZGoXHpYjSY9Vpv1tHJX7.jpg,2026-03-18,Dhurandhar: The Revenge,False,7.8,58
False,/dqmeFUrf6Hs2ejcGGGfv69vtbbR.jpg,[18],226674,fr,L'Adolescente,"In the summer of 1939, 13-year-old Marie goes with her parents to visit her grandparents in a small town near Avignon. Marie discovers her femininity and falls for a young Jewish doctor, but he prefers Eva, Marie's mother.",39.2115,/v7yCEzF9BCF82lbp42X5ZLjIieo.jpg,1979-01-24,The Adolescent,False,4.3,12
False,/3gI8gS7YIpmEzUehg3cZVQ62phl.jpg,"[35, 80, 28]",1416391,hi,टोस्टर,Murder and chaos erupt when a miser becomes obsessed with a toaster he gave as a wedding gift.,40.7682,/cbYyWHc1dL1bfwEJbaMYDYKgWG2.jpg,2026-04-15,Toaster,False,5.0,9
False,/w3Bi0wygeFQctn6AqFTwhGNXRwL.jpg,"[14, 10402, 35, 16]",803796,en,KPop Demon Hunters,"When K-pop superstars Rumi, Mira and Zoey aren't selling out stadiums, they're using their secret powers to protect their fans from supernatural threats.",32.94,/zT7Lhw3BhJbMkRqm9Zlx2YGMsY0.jpg,2025-06-20,KPop Demon Hunters,False,8.021,2643
False,/xcBlMEvzuaHoWANKYn5PGvcW4OC.jpg,"[27, 28, 53]",1110034,no,Kraken,"Marine biologist Johanne is doing research on a fish farm in Vangsnes, a rural community located by the fjord, when she encounters several strange occurrences. Along with the brutal deaths of two local teenagers, all signs point to the deep fjord; can there be more to the depths than the eye can see? At the bottom of the deepest fjord rests a mythical monster as large as a mountain, with a myriad of arms ready to crush and devour anything they can grab.",38.581,/jVsflOu9WpMqUJ3WwVX2mITi86S.jpg,2026-02-06,Kraken,False,6.0,11
False,/tSPT36ZKlP2WVHJLM4cQPLSzv3b.jpg,"[18, 80]",238,en,The Godfather,"Spanning the years 1945 to 1955, a chronicle of the fictional Italian-American Corleone crime family. When organized crime family patriarch, Vito Corleone barely survives an attempt on his life, his youngest son, Michael steps in to take care of the would-be killers, launching a campaign of bloody revenge.",43.1463,/3bhkrj58Vtu7enYsRolD1fZdja1.jpg,1972-03-14,The Godfather,False,8.687,22766
False,/zNriRTr0kWwyaXPzdg1EIxf0BWk.jpg,"[878, 12, 28]",1234821,en,Jurassic World Rebirth,"Five years after the events of Jurassic World Dominion, covert operations expert Zora Bennett is contracted to lead a skilled team on a top-secret mission to secure genetic material from the world's three most massive dinosaurs. When Zora's operation intersects with a civilian family whose boating expedition was capsized, they all find themselves stranded on an island where they come face-to-face with a sinister, shocking discovery that's been hidden from the world for decades.",39.1864,/1RICxzeoNCAO5NpcRMIgg1XT6fm.jpg,2025-07-01,Jurassic World Rebirth,False,6.275,3220
False,/tId87yE7JnQsQsqOpnGXjz9PoEe.jpg,"[18, 35, 27]",329505,it,Il peccato di Lola,Young man has his dreams come true when the sexy new maid seduces him. But she also has a secret that leads to trouble.,36.5881,/qaJ4iQngrLbyz9OgaQkJLppDN6m.jpg,1984-05-04,Lola's Secret,False,6.978,69
False,/oz4U9eA6ilYf1tyiVuGmkftdLac.jpg,"[18, 10749, 53]",1010581,es,Culpa mía,"Noah must leave her city, boyfriend, and friends to move into William Leister's mansion, the flashy and wealthy husband of her mother Rafaela. As a proud and independent 17 year old, Noah resists living in a mansion surrounded by luxury. However, it is there where she meets Nick, her new stepbrother, and the clash of their strong personalities becomes evident from the very beginning.",41.7765,/w46Vw536HwNnEzOa7J24YH9DPRS.jpg,2023-06-08,My Fault,False,7.749,4031
False,/dHSz0tSFuO2CsXJ1CApSauP9Ncl.jpg,"[80, 53]",425274,en,Now You See Me: Now You Don't,"The original Four Horsemen reunite with a new generation of illusionists to take on powerful diamond heiress Veronika Vanderberg, who leads a criminal empire built on money laundering and trafficking. The new and old magicians must overcome their differences to work together on their most ambitious heist yet.",38.3,/oD3Eey4e4Z259XLm3eD3WGcoJAh.jpg,2025-11-12,Now You See Me: Now You Don't,False,6.513,1383
False,/7RyHsO4yDXtBv1zUU3mTpHeQ0d5.jpg,"[12, 878, 28]",299534,en,Avengers: Endgame,"After the devastating events of Avengers: Infinity War, the universe is in ruins due to the efforts of the Mad Titan, Thanos. With the help of remaining allies, the Avengers must assemble once more in order to undo Thanos' actions and restore order to the universe once and for all, no matter what consequences may be in store.",41.5092,/ulzhLuWrPK07P1YkdWQLZnQh1JL.jpg,2019-04-24,Avengers: Endgame,False,8.234,27511
False,/8zyQbsmMlXfLkcctjNz5YZZwpkw.jpg,[27],999136,en,Do Not Enter,"A group of young explorers investigates an old abandoned hotel, only to encounter a strange supernatural being and a competing group looking for a legendary hidden treasure.",37.0564,/stM9N7eJmHKLmFR59JG4tLdN7Wk.jpg,2026-03-19,Do Not Enter,False,5.373,63
False,/3Vq8otoGevbhcZAKY2devVbPs6L.jpg,"[27, 35, 12]",1381216,en,Lake Jesup: Bonecrusher's Revenge,"In 2003, Lake Jesup became the stage for a real-life horror story, as a monstrous alligator escaped from captivity and began a reign of terror. As the body count rose, a desperate hunt ensued to stop the creature.",29.2114,/1Z1TgGXS1MD4DDfIkBNloM43vvj.jpg,2024-05-01,Lake Jesup: Bonecrusher's Revenge,False,6.295,44
False,/vjMvFSmGUxEtqVdaZgvFee9XkZl.jpg,"[878, 28, 12]",969681,en,Spider-Man: Brand New Day,"Four years have passed since the events of No Way Home, and Peter is now an adult living entirely alone, having voluntarily erased himself from the lives and memories of those he loves. Crime-fighting in a New York that no longer knows his name, he's devoted himself entirely to protecting his city — a full-time Spider-Man — but as the demands on him intensify, the pressure sparks a surprising physical evolution that threatens his existence, even as a strange new pattern of crimes gives rise to one of the most powerful threats he has ever faced.",31.7253,/pspkSVP39NGa6G2rvK5KlMjvYUe.jpg,2026-07-29,Spider-Man: Brand New Day,False,0.0,0
False,/be5SIsRGMckO8tU9lrLcIik70Dy.jpg,"[27, 14, 10749]",1246049,fr,Dracula,"In late 15th-century Eastern Europe, Prince Vlad II’s bride is brutally murdered. As a result, he renounces God and damns Heaven itself. Cursed with eternal life, Vlad is reborn as Dracula, an immortal warlord who defies fate in a blood-soaked crusade to wrench his lost love back from death.",37.4779,/dYRqA50yd0nB3qBR7AtWEJJQ8q.jpg,2025-07-30,Dracula,False,7.075,1087
False,/hiKmpZMGZsrkA3cdce8a7Dpos1j.jpg,"[35, 53, 18]",496243,ko,기생충,"All unemployed, Ki-taek's family takes peculiar interest in the wealthy and glamorous Parks for their livelihood until they get entangled in an unexpected incident.",29.9796,/7IiTTgloJzvGI1TAYymCfbfl3vT.jpg,2019-05-30,Parasite,False,8.494,20434
False,/8ZTVqvKDQ8emSGUEMjsS4yHAwrp.jpg,"[28, 878, 12]",27205,en,Inception,"Cobb, a skilled thief who commits corporate espionage by infiltrating the subconscious of his targets is offered a chance to regain his old life as payment for a task considered to be impossible: ""inception"", the implantation of another person's idea into a target's subconscious.",35.1958,/xlaY2zyzMfkhk0HSC5VUwzoZPU1.jpg,2010-07-15,Inception,False,8.372,39025
False,/hBwDYiOPwXHuwiYGP82ekFNSeBr.jpg,"[12, 14, 10749]",50619,en,The Twilight Saga: Breaking Dawn - Part 1,Bella Swan and Edward Cullen's honeymoon phase is abruptly disrupted by betrayals and unforeseen tragedies that endanger their world.,36.666,/qs8LsHKYlVRmJbFUiSUhhRAygwj.jpg,2011-11-16,The Twilight Saga: Breaking Dawn - Part 1,False,6.189,9224
False,/drRxbu2OHG0DEENptZ8wI5f0uEU.jpg,"[878, 28, 35]",1119449,en,"Good Luck, Have Fun, Don't Die",A 'Man from the Future' arrives at an LA diner where he must recruit the precise combination of disgruntled patrons to join him on a one-night quest to save the world from the terminal threat of a rogue artificial intelligence.,39.5824,/rWcfOdY7TU6lTdazWj0ebDZnAfO.jpg,2026-02-13,"Good Luck, Have Fun, Don't Die",False,6.925,348
False,/vL5LR6WdxWPjLPFRLe133jXWsh5.jpg,"[878, 28, 12]",19995,en,Avatar,"In the 22nd century, a paraplegic Marine is dispatched to the moon Pandora on a unique mission, but becomes torn between following orders and protecting an alien civilization.",34.7134,/gKY6q7SjCkAU6FqvqWybDYgUKIF.jpg,2009-12-16,Avatar,False,7.602,33791
False,/eJ0HooOOD1uzI39CfOQNWIiWKlJ.jpg,"[28, 18, 53]",1387382,en,Hunting Season,"When a reclusive survivalist and his daughter rescue a mysterious, wounded woman from a river, they become entangled in a deadly web of violence and revenge, forcing them to confront a brutal criminal to survive.",36.6554,/cbryTyaWdqrKpQCw6K7zm2jrB5v.jpg,2025-12-05,Hunting Season,False,6.9,184
False,/4SKnHRIHv9SpsR1v45T7Los719O.jpg,"[35, 53]",467905,en,How to Make a Killing,"Disowned at birth by his obscenely wealthy family, blue-collar Becket Redfellow will stop at nothing to reclaim his inheritance, no matter how many relatives stand in his way.",34.3523,/yQ7OP2HYxl9YmkWNMkuUA2YaF5.jpg,2026-02-19,How to Make a Killing,False,7.0,270
False,/3cVrg7tzSf5AgEecYWDOSAzXAeX.jpg,"[27, 9648]",1408208,ja,８番出口,"A man trapped in an endless sterile subway passageway sets out to find Exit 8. The rules of his quest are simple: do not overlook anything out of the ordinary. If you discover an anomaly, turn back immediately. If you don’t, carry on. Then leave from Exit 8. But even a single oversight will send him back to the beginning. Will he ever reach his goal and escape this infinite corridor?",27.1493,/nQXYTvm6AY4WmtcPskroqC7Skh.jpg,2025-08-28,Exit 8,False,6.589,282
False,/mxdiaM2tsx8M6W3zLgiPwAkhQfq.jpg,"[18, 10749]",744275,en,After We Fell,"Just as Tessa's life begins to become unglued, nothing is what she thought it would be. Not her friends nor her family. The only person that she should be able to rely on is Hardin, who is furious when he discovers the massive secret that she's been keeping. Before Tessa makes the biggest decision of her life, everything changes because of revelations about her family.",35.2037,/dU4HfnTEJDf9KvxGS9hgO7BVeju.jpg,2021-09-01,After We Fell,False,7.007,2723
False,/8mnXR9rey5uQ08rZAvzojKWbDQS.jpg,"[16, 28, 12, 878]",324857,en,Spider-Man: Into the Spider-Verse,"Struggling to find his place in the world while juggling school and family, Brooklyn teenager Miles Morales is unexpectedly bitten by a radioactive spider and develops unfathomable powers just like the one and only Spider-Man. While wrestling with the implications of his new abilities, Miles discovers a super collider created by the madman Wilson ""Kingpin"" Fisk, causing others from across the Spider-Verse to be inadvertently transported to his dimension.",30.9126,/iiZZdoQBEYBv6id8su7ImL0oCbD.jpg,2018-12-06,Spider-Man: Into the Spider-Verse,False,8.394,17068
False,/s4su6J8opkWW9ibqfBdG6oae5iw.jpg,[18],1266992,tl,Balinsasayaw,"A rich woman marries a charming womanizer who conspires with his wife’s best friend. When all the revelations are exposed, the tables suddenly turn.",32.6294,/5gotyf6pPf9ZbDSW0yBLXMpDmmP.jpg,2024-05-17,Balinsasayaw,False,5.3,3
False,/cfT29Im5VDvjE0RpyKOSdCKZal7.jpg,"[28, 80, 53]",155,en,The Dark Knight,"Batman raises the stakes in his war on crime. With the help of Lt. Jim Gordon and District Attorney Harvey Dent, Batman sets out to dismantle the remaining criminal organizations that plague the streets. The partnership proves to be effective, but they soon find themselves prey to a reign of chaos unleashed by a rising criminal mastermind known to the terrified citizens of Gotham as the Joker.",26.6417,/qJ2tW6WMUDux911r6m7haRef0WH.jpg,2008-07-16,The Dark Knight,False,8.528,35505
